Total Trades,Win Rate (%),Average Return (%),Max Return (%),Min Return (%)
3270,42.935779816513765,0.16443195317392054,46.31840796019902,-34.913217623498
